Company/Entity Name,Article Title,Article URL,Snippet,Category
Smartphones,Choose the Best Smartphone: List of 30+ Mobiles,https://www.pcquest.com/choose-the-best-smartphone-list-of-30-mobiles/,"Buying guide covering processor, RAM, display, camera, battery for 30+ mobiles from budget to flagship.",Smartphones
Infinix,"Infinix GT 30 Pro: What makes the latest Infinix phone, a gaming phone?",https://www.pcquest.com/smartphones/infinix-gt-30-pro-what-makes-the-latest-infinix-phone-a-gaming-phone-9308720,"144Hz AMOLED, 520Hz shoulder triggers, RGB LEDs, Dimensity 8350 Ultimate, 120fps BGMI support.",Smartphones
OnePlus,OnePlus Turbo: Is this OnePlus' first true gaming phone?,https://www.pcquest.com/smartphones/oneplus-turbo-is-this-oneplus-first-true-gaming-phone-10947059,"Leak reveals 9000mAh silicon-carbon battery, Snapdragon 8s Gen 4, 165Hz BOE OLED for gaming.",Smartphones
Motorola,Motorola Signature long term review: Slim flagship that still holds up,https://www.pcquest.com/reviews/motorola-signature-long-term-review-11833097,"3-month review: 7mm slim, 6.8-inch 165Hz LTPO, Snapdragon 8 Gen 5, 50W wireless, heating and camera quirks.",Smartphones
PCQuest,Best smartphones of 2025: Is your phone on the premium list?,https://www.pcquest.com/smartphones/best-smartphones-of-2025-is-your-phone-on-the-premium-list/,Premium list including iPhone 17 with 120Hz LTPO OLED and larger battery for workplace and content creation.,Smartphones
Smartphones,June 2026 smartphone launches in India are changing what buyers can expect,https://www.pcquest.com/smartphones/june-2026-smartphone-launches-in-india-are-changing-what-buyers-can-expect/,June 2026 cycle unusually competitive with flagships and budget launches arriving together.,Smartphones
Gaming - Infinix,Infinix GT 30 Pro gaming features deep dive,https://www.pcquest.com/smartphones/infinix-gt-30-pro-what-makes-the-latest-infinix-phone-a-gaming-phone-9308720,XBoost Gaming Engine and AI VC cooling for consistent peak performance during long sessions.,Gaming
Gaming - OnePlus,OnePlus Turbo massive battery and 165Hz display for gaming,https://www.pcquest.com/smartphones/oneplus-turbo-is-this-oneplus-first-true-gaming-phone-10947059,"9,000mAh battery with 100W charging and Fengchi gaming kernel positions Turbo vs ROG Phone 8.",Gaming
Gaming Laptops,"5 Best Gaming Laptops Under Rs 60,000",https://www.pcquest.com/computers-laptops/5-best-gaming-laptops-under-60000/,"Infinix GT Book, Lenovo LOQ, Acer ALG with RTX 3050, 144Hz panels for budget gaming.",Gaming
Gaming Laptops,Best gaming laptop under 60000 in India,https://www.pcquest.com/computers-laptops/best-gaming-laptop-under-60000-in-india-8948058,"GTBook punches above price with RTX 3050 and 16-inch WUXGA, Victus synonymous with value gaming.",Gaming
Gaming - Ubisoft,Assassin's Creed Black Flag Resynced Gameplay Leaks - PS5 Pro Footage Surfaces,https://www.pcquest.com/gaming/assassins-creed-black-flag-resynced-gameplay-leaks-ps5-pro-footage-surfaces/,"Resynced version releasing July 9 2026 for PS5, Xbox Series X/S, PC, 4-hour leak acknowledged.",Gaming
Gaming - Industry,Impact of cloud gaming on the Industry,https://www.pcquest.com/gaming/impact-of-cloud-gaming-on-the-industry/,"Mobile gaming advancements, hyper-casual growth and cloud enabling rapid user base growth.",Gaming
Cybersecurity,Internal Audit and its Larger Role In Enhancing Cybersecurity,https://www.pcquest.com/internal-audit-larger-role-enhancing-cybersecurity/,"Three lines of defence model, IIA report on internal audit as trusted cyber-adviser post WannaCry.",Cybersecurity
Cybersecurity / AI,How AI Is Revolutionizing Cybersecurity (And Why You Should Care),https://www.pcquest.com/security-products/how-ai-is-revolutionizing-cybersecurity-7318445,"AI for real-time network traffic analysis, anomaly detection for zero-day, Darktrace ransomware case.",Cybersecurity
Cybersecurity,Beneath the Code: Where Real Cybersecurity Begins,https://www.pcquest.com/security/beneath-the-code-where-real-cybersecurity-begins/,"Cybersecurity moves below surface - starts when power hits the board, hardware root of trust.",Cybersecurity
Cybersecurity,AI is rewriting cybersecurity but trust must lead the code,https://www.pcquest.com/security/ai-is-rewriting-cybersecurity-but-trust-must-lead-the-code/,"AI in cybersecurity market $22.4B in 2023 to $60B in 2028, proactive threat ID and response.",Cybersecurity
Cybersecurity,Cybersecurity in the digital supply chain: A war without borders,https://www.pcquest.com/security/cybersecurity-in-the-digital-supply-chain-a-war-without-borders/,"Convergence of AI, ML, data science and predictive analytics for supply chain security.",Cybersecurity
Cybersecurity,Cybersecurity Trends: Evolving Threats & Defense Strategies,https://www.pcquest.com/security/cybersecurity-trends-evolving-threats-defense-strategies/,IBM Watson for Cybersecurity AI-based threat intelligence and emerging defense strategies.,Cybersecurity
Reviews,ASUS Vivobook 14 (X1407AA LY028WS) Review: A Copilot+ PC Built for Actual Work,https://www.pcquest.com/reviews/asus-vivobook-14-x1407aa-ly028ws-review-11899379,"Copilot+ with Intel Core Ultra 5 325, 16GB DDR5, 10-hour battery, 60Hz limitation noted.",Reviews
Reviews,Motorola Signature long term review,https://www.pcquest.com/reviews/motorola-signature-long-term-review-11833097,"Slim flagship 30,37,534 AnTuTu, UFS 4.X storage, 90W wired 50W wireless charging, 5200mAh battery.",Reviews
Reviews,Noise Master Buds 2 review clean sound with a few daily use quirks,https://www.pcquest.com/reviews/noise-master-buds-2-review-clean-sound-with-a-few-daily-use-quirks-11785174,"Bose-tuned, LHDC 5.0, 51 dB ANC, 10mm drivers at Rs 8,999, fit and transparency need polish.",Reviews
Reviews,"Philips 8100 Series 43-inch 4K LED Smart TV review: big features, budget price",https://www.pcquest.com/reviews/philips-8100-series-43-inch-4k-led-smart-tv-review-10978141,"Dolby Vision Atmos Google TV at Rs 22,499, 30W speakers, ALLM for casual gaming.",Reviews
Reviews,Tempt Cameo Bluetooth Speaker Review: Style Meets Everyday Sound,https://www.pcquest.com/reviews/reviews/tempt-cameo-bluetooth-speaker-review-style-meets-everyday-sound-10607671,"230g portable, Bluetooth 5.3 TWS, 3.5-4 hours at moderate volume for Rs 1,099.",Reviews
Reviews,"QCY H3 Pro Review: Budget Price, Premium Punch",https://www.pcquest.com/reviews/qcy-h3-pro-review-budget-price-premium-punch/,"LDAC support and ANC at budget price, comfortable for long use in 2025.",Reviews
AI,AI - From Tools to Intelligent Partners,https://www.pcquest.com/artificial-intelligence/ai-from-tools-to-intelligent-partners-8845657,"AI-powered wheelchairs, prosthetics, sign language translation turning assistive tools into partners.",AI
AI / Enterprise,How AI is reshaping enterprise hiring,https://www.pcquest.com/artificial-intelligence/how-ai-is-reshaping-enterprise-hiring-9527763,"LLMs and agentic AI automating JD creation, multilingual sourcing, bias mitigation at Cohyre.ai.",AI
AI / Samsung,What Samsung's Galaxy AI Isn't Telling You,https://www.pcquest.com/artificial-intelligence/what-samsungs-galaxy-ai-isnt-telling-you-10947790,"Galaxy AI hybrid NPU + Gemini, 400M devices, Now Brief Energy Score, 2026 paywall for cloud features.",AI
AI / Data,India's AI engines are powerful but the data roads are broken,https://www.pcquest.com/artificial-intelligence/indias-ai-engines-are-powerful-but-the-data-roads-are-broken-12148222,Confluent 2026 Report: 79% Indian IT leaders say weak real-time data infra slowing AI scale.,AI
AI,Building responsible and resilient AI ecosystems,https://www.pcquest.com/artificial-intelligence/building-responsible-and-resilient-ai-ecosystems-9086977,"Prof Aindril De on data governance, legacy integration, human-AI synergy and bias audits.",AI
AI,What's Coming in 2025: The Future of AI and ML,https://www.pcquest.com/artificial-intelligence/whats-coming-in-2025-the-future-of-ai-and-ml/,"AI integration of diverse data types, hyper-personalized healthcare and climate modeling future.",AI
